R001;Cult Fantascienza;I migliori di Fantascienza;
R-69731bbb-7dc1-42a3-bf8f-46416ccbdd66;Preferiti Nolan 69731b;Film personali;
R-0adca50d-4478-4664-919f-d1a8d66dae08;Preferiti Nolan 0adca5;Film personali;
R-4b26274d-6ca0-4d49-9b78-c305b2edec9a;Preferiti Nolan 4b2627;Film personali;
R-d57eb676-881a-451e-b8ae-55b3c8caf27c;Preferiti Nolan d57eb6;Film personali;
R-36a171e7-2d4c-4f00-b347-d26ca8ee73da;Preferiti Nolan 36a171;Film personali;
R-07a1e9e9-f501-436f-8e25-5cbd1ec3ef35;Preferiti Nolan 07a1e9;Film personali;
R-e6510dd5-2f0a-489f-8b15-a6860d300681;Preferiti Nolan e6510d;Film personali;
R-19b30179-63a2-4045-9564-593d6a19aa84;Preferiti Nolan 19b301;Film personali;
R-3306a2d2-d624-43a1-9295-9407d5463d9d;Cult Fantascienza 77292266;I migliori di Fantascienza;
R-b450b71c-b5d0-428e-b41a-15887354ae4d;Cult Fantascienza 4ebc9789;I migliori di Fantascienza;F-a509298a-1d22-4f04-b34e-09aa9a95f022
R-92729984-8306-431c-88b5-6dd075e55c88;Preferiti Nolan 927299;Film personali;
R-c78aac79-a2cd-4a01-854c-d526b19fa66b;Cult Fantascienza 4a955c10;I migliori di Fantascienza;F-5986d68d-9aaa-485d-b1b7-7d65d5a161ec
R-a2d2fd1e-bea8-4a79-acd5-79f2d95f72ee;Preferiti Nolan a2d2fd;Film personali;
R-bf286436-acbd-43bc-9e36-50e54f765264;Cult Fantascienza 053b785f;I migliori di Fantascienza;F-e36631f8-589c-4cab-bfc4-8be37f48dde8
R-ec0ea659-112c-49ed-8a3d-95bf15cabb83;Preferiti Nolan ec0ea6;Film personali;
R-cb524592-2938-4927-88c5-eb18680104cf;Cult Fantascienza b0959d90;I migliori di Fantascienza;F-b3366a09-e86f-44cf-a262-4d11043915c9
R-a1670c19-183c-4f57-a973-789c1199b554;Preferiti Nolan a1670c;Film personali;
R-ac436a00-e1fb-420e-9bd2-14df861203f2;Cult Fantascienza 560f6c63;I migliori di Fantascienza;F-53f9395d-2ed6-48f7-8690-053481ad7b0e
R-4e611c81-2de3-498a-9d51-27f2c8694903;Preferiti Nolan 4e611c;Film personali;
R-a4f3c0f7-84be-470f-ba6f-8bf13e075276;Cult Fantascienza e23ef3b0;I migliori di Fantascienza;F-938e85bd-1850-4bee-9321-6e2433527826
R-a0390646-8964-4b27-b5b0-bf0e762cead6;Cult Fantascienza ee329fe9;I migliori di Fantascienza;F-8deead09-c6d9-4877-9452-abe01e34c6e4
R-927d74d2-ca5d-47b7-ab8b-81aba36d9e74;Preferiti Nolan 927d74;Film personali;
R-7154b70a-c06a-49dd-b047-683eac8d280c;Preferiti Nolan 7154b7;Film personali;F2
